Group,BuyerShortName,Country,Commodity,Identifier,IdentifierType,DistributorId,Address,City/Suburb,State,Postcode,Cost Code,Annual Load,Load Unit,Incumbent,Est. Last Year Spend,Currency Unit,Rate Unit,ActewAGL Total,AGL Total,Alinta Total,Aurora Total,CovauEnergy Total,ElysianEnergy Total,EnergyAustralia Total,ERM Total,Infigen Total,Momentum Total,NextEnergy Total,Origin Total,PerthEnergy Total,Simply Total,Best Retailer,Best Retailer Total
C&I:ACT,Toll,AU,Electricity,7001192922,NMI,ACTEWP,Sawmill Circuit,HUME,AU:ACT,2620,1012941,239333.56,kWh,Momentum,44002.94,AUD,c/kWh,46134.50716,0,47762.17716,0,0,0,46052.83716,0,45080.30716,45703.45716,53671.87716,45406.35716,0,47577.75716,Infigen,45080.30716
C&I:NSW,Toll,AU,Electricity,4310896316,NMI,INTEGP,"2 ALSPEC PL,  12 WALLGROVE Road",EASTERN CREEK,AU:NSW,2766,3MOMEN97,2774381.19,kWh,Momentum,460824.7,AUD,c/kWh,0,387905.02,383529.02,0,470318.73,505655.48,392516.31,383413.02,379730.07,380712.99,482992.33,382658.5,0,398419.26,Infigen,379730.07
C&I:NSW,Toll,AU,Electricity,4311164473,NMI,INTEGP,7 WILLIAM DEAN Street,EASTERN CREEK,AU:NSW,2766,1012941,1987735.97,kWh,Momentum,334908.46,AUD,c/kWh,0,291385.18,292291.02,0,352502.48,374065.12,294553.29,290762.3,285355.06,286391.63,360418.18,287962.74,0,299051.03,Infigen,285355.06
C&I:NSW,Toll,AU,Electricity,4311271631,NMI,INTEGP,"5, 34 Yarrunga Street",PRESTONS,AU:NSW,2170,3MOENE04,1635086.86,kWh,Momentum,257494.06,AUD,c/kWh,0,223847.35,221915.35,0,272370.91,290540.86,226449.57,221241.68,218645.99,219209.54,281065.98,220227.54,0,230067.97,Infigen,218645.99
C&I:NSW,Toll,AU,Electricity,4311163103,NMI,INTEGP,"Lot 30 & 31(DP 1161771) Huntingwood Drive,  7 WILLIAM DEAN Street",EASTERN CREEK,AU:NSW,2766,1012941,1382365.44,kWh,Momentum,229344.51,AUD,c/kWh,0,198273.9,197823.82,0,240054.3,254951.84,200342.51,196830.26,193868.9,194584.01,246284.91,195571.9,0,203528.87,Infigen,193868.9
C&I:NSW,Toll,AU,Electricity,4311271619,NMI,INTEGP,"2, 34 Yarrunga Street",PRESTONS,AU:NSW,2170,3MOENE03,959570.39,kWh,Momentum,160551.01,AUD,c/kWh,0,142389.05,141122.92,0,170004.74,183215.36,143727.4,140399.56,139059.55,139407.3,175939.97,139881.25,0,145940.49,Infigen,139059.55
C&I:NSW,Toll,AU,Electricity,4310940210,NMI,INTEGP,5 Southbridge Street,EASTERN CREEK,AU:NSW,2766,1012941,865026.66,kWh,Momentum,150324.67,AUD,c/kWh,0,166982.756,166065.096,0,193473.096,160734.95,168043.046,165417.116,164075.136,164779.936,196635.326,165466.916,0,170215.836,Infigen,164075.136
C&I:NSW,Toll,AU,Electricity,4103924376,NMI,ENERGYAP,McPherson Street,BANKSMEADOW,AU:NSW,2019,1012941,873325.29,kWh,Momentum,136386.34,AUD,c/kWh,0,124998.97,124082.3,0,152130.28,0,126017.54,123497.67,122156.99,123009.64,154371.61,123806.18,0,128246.95,Infigen,122156.99
C&I:NSW,Toll,AU,Electricity,4103924375,NMI,ENERGYAP,McPherson Street,BANKSMEADOW,AU:NSW,2019,1012941,862211.62,kWh,Momentum,153572.15,AUD,c/kWh,0,132918.94,132314.95,0,158039.08,0,134011.08,131477.91,129958.64,130447.96,162453.59,130966.99,0,136072.48,Infigen,129958.64
C&I:NSW,Toll,AU,Electricity,4311105297,NMI,INTEGP,71 Byron Road,GUILDFORD,AU:NSW,2161,3MOMEN66,738621.55,kWh,Momentum,137585.43,AUD,c/kWh,0,116282.11,115172.93,0,135190.59,151053.3,117316.6,114277.74,113391.97,113259.26,142756.81,113249.98,0,118906.99,Infigen,113391.97
C&I:NSW,Toll,AU,Electricity,NEEE000995,NMI,INTEGP,5 Helliers Avenue,MOOREBANK,AU:NSW,2170,3MOMEN47,719650.27,kWh,Momentum,136081.47,AUD,c/kWh,0,142932.7178,141946.3778,0,161713.6278,152866.08,143901.5578,141061.8278,140142.5878,140110.2778,168538.9478,140164.5078,0,145493.1178,Infigen,140142.5878
C&I:NSW,Toll,AU,Electricity,4311271632,NMI,INTEGP,"5, 34 Yarrunga Street",PRESTONS,AU:NSW,2170,3MOENE02,731230.13,kWh,Momentum,130933.88,AUD,c/kWh,0,117671.61,116422.31,0,138964.16,149021.39,118540.79,115818.2,115041.09,115476.15,142978.67,115885.86,0,120343.5,Infigen,115041.09
C&I:NSW,Toll,AU,Electricity,NEEE000548,NMI,INTEGP,616 Great Western Highway,ARNDELL PARK,AU:NSW,2148,41304,656448.94,kWh,Momentum,113646.77,AUD,c/kWh,0,98189.84,97369.79,0,117108.97,125572.08,98922.66,96639.09,95760.99,96159.05,120898.9,96498.83,0,100564.64,Infigen,95760.99
C&I:NSW,Toll,AU,Electricity,4103750400,NMI,ENERGYAP,15-19 McPherson St,BANKSMEADOW,AU:NSW,2019,3MOMEN89,620646.96,kWh,Momentum,113677.97,AUD,c/kWh,0,105713.3,104872.81,0,123585.95,121384.38,106350.35,104184.89,103427.86,103872.22,126831.42,104222.26,0,107927.47,Infigen,103427.86
C&I:NSW,Toll,AU,Electricity,NDDD00GG11,NMI,CNRGYP,85 Travers Street,WAGGA WAGGA,AU:NSW,2650,1012941,476041.11,kWh,Momentum,108545.54,AUD,c/kWh,0,98042.06575,97252.73575,0,110907.6058,0,98373.29575,96590.74575,96209.61575,96607.72575,113453.4058,96831.05575,0,99614.38575,Infigen,96209.61575
C&I:NSW,Toll,AU,Electricity,4103487096,NMI,ENERGYAP,20 WORTH Street,CHULLORA,AU:NSW,2190,3MOMEN99,470007.6,kWh,Momentum,93598.98,AUD,c/kWh,0,84437,83632.01,0,96911.27,96505.94,84856.03,82882.95,82469.22,82667.7,100797.85,82752.3,0,86052.08,Infigen,82469.22
C&I:NSW,Toll,AU,Electricity,4311152903,NMI,INTEGP,19B Interchange Drive,Eastern Creek,AU:NSW,2766,3MOMEN93,451655.87,kWh,Momentum,88043.2,AUD,c/kWh,0,76933.08,76499.86,0,88718.89,98156.44,77327.43,75621.04,75001.05,75162.67,92726.23,75209.81,0,78474.35,Infigen,75001.05
C&I:NSW,Toll,AU,Electricity,4311325908,NMI,INTEGP,42B/0 Kurrajong Roa,PRESTON,AU:NSW,2170,MOMENTUM,302690.02,kWh,Momentum,87420.83,AUD,c/kWh,0,58721.5,58124.65,0,68223.41,0,58783.62,57422.91,57286.82,57605.16,68983.35,57684.82,0,59702.96,Infigen,57286.82
C&I:NSW,Toll,AU,Electricity,4103740983,NMI,ENERGYAP,"Airgate Business Park, 293 Coward Street",MASCOT,AU:NSW,2020,MOMENMEL,351509.42,kWh,Momentum,67466.7,AUD,c/kWh,0,60596.84,59975.77,0,70360.2,69225.23,60732.84,59290.48,59054,59433.66,72399.82,59585.2,0,61766.73,Infigen,59054
C&I:NSW,Toll,AU,Electricity,NCCCMLJ223,NMI,ENERGYAP,9 Pennant Street,CARDIFF,AU:NSW,2285,1012941,294248.07,kWh,Momentum,68716.17,AUD,c/kWh,0,65741.77992,65203.33992,0,73412.11992,0,65771.06992,64490.93992,64356.00992,64679.29992,75423.01992,64753.53992,0,66660.93992,Infigen,64356.00992
C&I:NSW,Toll,AU,Electricity,4310982954,NMI,INTEGP,1/2 CAPICURE Drive,EASTERN CREEK,AU:NSW,2766,1012941,249897.59,kWh,Momentum,50174.86,AUD,c/kWh,0,42897.35,42331.75,0,49364.3,53647.79,42861.98,41630.81,41606.91,41903.56,51317.66,41937.12,0,43669.61,Infigen,41606.91
C&I:NSW,Toll,AU,Electricity,4103809572,NMI,ENERGYAP,1 Monier Square,VILLAWOOD,AU:NSW,2163,1012941,232670.79,kWh,Momentum,51085.61,AUD,c/kWh,0,46170.72,45743.03,0,51690.29,52396.38,46119.98,44969.03,44901.06,45114.4,54041.99,45075,0,46856.87,Infigen,44901.06
C&I:NSW,Toll,AU,Electricity,4310938901,NMI,INTEGP,Unit 3B 241 Shell Harbour Road,KEMBLAWARRA,AU:NSW,2505,1012941,190241.14,kWh,Momentum,38673.87,AUD,c/kWh,0,32906.17,32525.08,0,38139.59,40284.99,32719.21,31839.92,31843.94,32263.06,38967.6,32353.41,0,33456.89,Infigen,31843.94
C&I:NSW,Toll,AU,Electricity,4311262780,NMI,INTEGP,Illawarra helicopter site 0 AIRPORT Road,ALBION PARK RAIL,AU:NSW,2527,DL7033,190102.03,kWh,Momentum,36915.27,AUD,c/kWh,0,33485.11,33128.76,0,38715.25,40978.3,33297.84,32435.66,32423.36,32842.64,39541.4,32933.01,0,34035.3,Infigen,32423.36
C&I:NSW,Toll,AU,Electricity,4102004661,NMI,ENERGYAP,Old Punt Road,TOMAGO,AU:NSW,2322,2MOMEN43,163775.58,kWh,Momentum,44527.14,AUD,c/kWh,0,35616.16477,34978.01477,0,29041.1,25011.6,35394.42477,34352.11477,34603.55477,34940.03477,40778.05477,34952.31477,0,36042.42477,Infigen,34603.55477
C&I:NSW,Toll,AU,Electricity,4103756444,NMI,ENERGYAP,Lot 4 Nells Road,GOSFORD,AU:NSW,2250,1012941,160736.03,kWh,Momentum,28039.74,AUD,c/kWh,0,24176.75596,23864.42596,0,32701.35,29401.89,23938.33596,23154.81596,23190.14596,23576.84596,29198.18596,23625.60596,0,24603.08596,Infigen,23190.14596
C&I:NSW,Toll,AU,Electricity,4103686243,NMI,ENERGYAP,16 Enterprise Drive,BERESFIELD,AU:NSW,2322,1012941,142972.92,kWh,Momentum,27108.51,AUD,c/kWh,0,22832.10199,22516.53199,0,28849.1,25983.67,22573.98199,21788.47199,21873.23199,22197.69199,27294.10199,22189.55199,0,23177.71199,Infigen,21873.23199
C&I:NSW,Toll,AU,Electricity,4103776999,NMI,ENERGYAP,1-8 Australia Ave,Sydney Olympic Park,AU:NSW,2127,1012941,104760.47,kWh,Momentum,29013.27,AUD,c/kWh,0,23635.63628,23289.65628,0,25914.99628,21449.9,23310.88628,22581.74628,22775.55628,23092.62628,26862.56628,23059.04628,0,23843.13628,Infigen,22775.55628
C&I:NSW,Toll,AU,Electricity,4103503485,NMI,ENERGYAP,1/14 Arunga Drive,BERESFIELD,AU:NSW,2322,MOMENTUM,110153.69,kWh,Momentum,23146.9,AUD,c/kWh,0,20097.11878,19750.94878,0,23565.71,21193.25,19783.05878,19034.12878,19220.67878,19519.43878,23459.25878,19473.91878,0,20313.82878,Infigen,19220.67878
C&I:NSW,Toll,AU,Electricity,4204145881,NMI,CNRGYP,67 North Street,ALBURY,AU:NSW,2640,1012941,88186.67,kWh,Momentum,25098.21,AUD,c/kWh,0,22700.59143,22402.92143,0,0,0,22347.85143,21675.41143,21881.43143,22173.47143,25338.02143,22111.21143,0,22835.52143,Infigen,21881.43143
C&I:NSW,Toll,AU,Electricity,NCCC006613,NMI,ENERGYAP,38 Robertson Road,CARRINGTON,AU:NSW,2294,2MOMEN09,86008.07,kWh,Momentum,18839.92,AUD,c/kWh,0,16396.81983,16080.76983,0,20404.16,18475.12,16035.67983,15364.00983,15590.31983,15890.74983,18909.00983,15832.93983,0,16520.58983,Infigen,15590.31983
C&I:NSW,Toll,AU,Electricity,4103834957,NMI,ENERGYAP,5 ELLSMERE AVENUE,MCDOUGALLS HILL,AU:NSW,2330,1012941,85903.16,kWh,Momentum,17325.06,AUD,c/kWh,0,15707.93058,15397.22058,0,18141.61,16287.53,15342.07058,14681.89058,14908.57058,15214.95058,18153.78058,15160.71058,0,15826.22058,Infigen,14908.57058
C&I:NSW,Toll,AU,Electricity,4103511293,NMI,ENERGYAP,6 Colony Close,TUGGERAH,AU:NSW,2259,1012941,75068.93,kWh,Momentum,15355.75,AUD,c/kWh,0,13073.12603,12798.51603,0,17657.16,16000.38,12685.29603,12084.02603,12306.98603,12635.33603,15190.50603,12592.76603,0,13162.11603,Infigen,12306.98603
C&I:NSW,Toll,AU,Electricity,4102360081,NMI,ENERGYAP,Lot 4 Nells Road,GOSFORD,AU:NSW,2250,1012941,59162.82,kWh,Momentum,13666.68,AUD,c/kWh,0,12158.9019,11888.8519,0,14530.3,13244.65,11751.6819,11161.4219,11420.5419,11708.2619,13792.5319,11626.6719,0,12182.1419,Infigen,11420.5419
C&I:NSW,Toll,AU,Electricity,4102021962,NMI,ENERGYAP,50 Aruma Place,Cardiff,AU:NSW,2285,1012941,59908.36,kWh,Momentum,12420.65,AUD,c/kWh,0,8700.72716,8442.52716,0,14060.24,13134.34,8287.64716,7720.43716,7971.63716,8280.77716,10296.76716,8215.06716,0,8726.43716,Infigen,7971.63716
C&I:NSW,Toll,AU,Electricity,4102025149,NMI,ENERGYAP,153 Phillip St,SYDNEY,AU:NSW,2000,1012941,48030.3,kWh,Momentum,10652.05,AUD,c/kWh,0,10038.06861,9780.088608,0,11459.31,10417.63,9607.878608,9055.518608,9333.948608,9627.798608,11274.19861,9544.558608,0,10019.46861,Infigen,9333.948608
C&I:NSW,Toll,AU,Electricity,4103497586,NMI,ENERGYAP,Lot 4 Nells Road,GOSFORD,AU:NSW,2250,1012941,26957.81,kWh,Momentum,7187.23,AUD,c/kWh,0,6450.38,6220.58,0,6986.55,6915.54,5982.89,5489.11,5801.36,6081.71,6964.53,5976.55,0,6348.23,Infigen,5801.36
C&I:NSW,Toll,AU,Electricity,4103233163,NMI,ENERGYAP,32 Walker St,North Sydney ,AU:NSW,2060,MOMENTUM,17962.31,kWh,Momentum,5179.14,AUD,c/kWh,0,4763.76,4540,0,4944.76,4895.79,4278.34,3810.93,4141.46,4424.07,4959.42,4315.6,0,4627.29,Infigen,4141.46
C&I:NSW,Toll,AU,Electricity,4103843120,NMI,ENERGYAP,TOWER 2 475 VICTORIA Avenue,CHATSWOOD,AU:NSW,2067,1012941,38329.9,kWh,Momentum,9750.83,AUD,c/kWh,0,8514.7,8255.77,0,9492.28,9364.53,8070.55,7527.09,7830.84,8105.62,9435.3,8002.66,0,8455.52,Infigen,7830.84
C&I:NSW,Toll,AU,Electricity,4103843119,NMI,ENERGYAP,TOWER 2 475 VICTORIA Avenue,CHATSWOOD,AU:NSW,2067,1012941,19124.99,kWh,Momentum,5566.88,AUD,c/kWh,0,5088.74,4852.05,0,5305.66,5273.72,4607.3,4123.78,4460.31,4735.9,5334.3,4622.82,0,4955.59,Infigen,4460.31
C&I:NSW,Toll,AU,Electricity,4103534159,NMI,ENERGYAP,3/401 ENTERPRISE Crescent,SINGLETON,AU:NSW,2330,1012941,2091.23,kWh,Momentum,2680.32,AUD,c/kWh,0,5295.375236,5092.035236,0,1282.54,1261.21,4776.825236,4366.115236,4722.495236,5013.865236,4917.055236,4902.945236,0,5098.515236,Infigen,4722.495236
C&I:QLD,Toll,AU,Electricity,3120165727,NMI,ENERGEXP,59 Forest Way,KARAWATHA,AU:QLD,4117,1012941,1766144.16,kWh,Momentum,246454.27,AUD,c/kWh,0,192957.48,188783.19,0,0,0,197267.32,190847.11,189333.38,186112.42,246791.37,192855.65,0,196623.38,Momentum,186112.42
C&I:QLD,Toll,AU,Electricity,3120057664,NMI,ENERGEXP,51 Axis Place,LARAPINTA,AU:QLD,4110,1012941,986370.55,kWh,Momentum,168204.73,AUD,c/kWh,0,142979.8426,140101.7926,0,0,0,144210.5026,141331.4626,140895.2626,138804.4926,174996.2426,142342.7326,0,144940.7326,Momentum,138804.4926
C&I:QLD,Toll,AU,Electricity,3120134030,NMI,ENERGEXP,75 Curzon Street,TENNYSON,AU:QLD,4105,1012941,513835.19,kWh,Momentum,87212.04,AUD,c/kWh,0,71697.68244,70364.03244,0,0,0,72628.42244,70429.17244,70231.63244,69521.80244,86928.67244,71411.80244,0,72618.36244,Momentum,69521.80244
C&I:QLD,Toll,AU,Electricity,QB13908472,NMI,ENERGEXP,East Shed 514 Boundary Road,Richlands,AU:QLD,4077,1012941,422824.76,kWh,Momentum,75473.85,AUD,c/kWh,0,63707.57,62467.51,0,0,78665.4,64191.93,62483.74,62433.54,61803.01,76750.82,63317.27,0,64439.21,Momentum,61803.01
C&I:QLD,Toll,AU,Electricity,3114742691,NMI,ENERGEXP,19 Osprey Drive,LYTTON,AU:QLD,4178,41314,415346.66,kWh,Momentum,75733.93,AUD,c/kWh,0,64634.43,63289.56,0,0,79006.09,64787.89,63401.83,63447.66,62717.85,77865.29,64119.61,0,65335.38,Momentum,62717.85
C&I:QLD,Toll,AU,Electricity,3034219226,NMI,ERGONETP,Lot 15 Toll Street,BOHLE,AU:QLD,4818,1012941,298266.54,kWh,Momentum,66775.09,AUD,c/kWh,0,57878.75866,56981.67866,0,0,0,58070.26866,56750.74866,56823.70866,56497.56866,66575.82866,57500.02866,0,58312.80866,Momentum,56497.56866
C&I:QLD,Toll,AU,Electricity,3120466839,NMI,ENERGEXP,2/0 CAPTAIN COOK Drive,ARUNDEL,AU:QLD,4214,1012941,322978.83,kWh,Momentum,50314.83,AUD,c/kWh,0,45396.4046,44415.6946,0,0,48328.74,45671.7346,44244.4146,44283.4946,43883.2546,55187.1046,45018.5046,0,45906.6846,Momentum,43883.2546
C&I:QLD,Toll,AU,Electricity,3051321955,NMI,ERGONETP,74-90 Lyons Street,CAIRNS,AU:QLD,4870,1012941,257988.26,kWh,Momentum,54440.66,AUD,c/kWh,0,48370.19941,47558.01941,0,0,0,48430.78941,47268.86941,47390.46941,47139.09941,55831.50941,47977.17941,0,48713.40941,Momentum,47139.09941
C&I:QLD,Toll,AU,Electricity,QB13475126,NMI,ENERGEXP,40 Fox Road,ACACIA RIDGE,AU:QLD,4110,3MOMEN12,236267.09,kWh,Momentum,51170.11,AUD,c/kWh,0,43638.81478,42773.71478,0,0,0,43482.56478,42535.97478,42719.85478,42418.82478,51054.65478,43167.09478,0,43950.84478,Momentum,42418.82478
C&I:QLD,Toll,AU,Electricity,3052122441,NMI,ERGONETP,0 SOMERSET Road,GRACEMERE,AU:QLD,4702,1012941,231012.62,kWh,Momentum,47922.69,AUD,c/kWh,0,44422.81262,43710.57262,0,0,0,44424.34262,43348.06262,43497.40262,43334.97262,50689.73262,44040.90262,0,44687.03262,Momentum,43334.97262
C&I:QLD,Toll,AU,Electricity,3044429797,NMI,ERGONETP,10 Mansell Street,TOOWOOMBA,AU:QLD,4350,1012941,234336.96,kWh,Momentum,45088,AUD,c/kWh,0,41824.95053,41125.07053,0,0,0,42021.28053,40743.27053,40833.34053,40683.96053,48496.63053,41503.74053,0,42138.89053,Momentum,40683.96053
C&I:QLD,Toll,AU,Electricity,QB13303929,NMI,ENERGEXP,21 Metroplex Avenue,MURARRIE,AU:QLD,4172,1012941,225236.71,kWh,Momentum,40766.64,AUD,c/kWh,0,35611.92,34730.4,0,0,42747.56,35320.63,34512.02,34736.24,34419.13,42828.14,35095.88,0,35894.31,Momentum,34419.13
C&I:QLD,Toll,AU,Electricity,QB08343284,NMI,ENERGEXP,14 Dividend ST,MANSFIELD,AU:QLD,4122,3MOENE06,210463.39,kWh,Momentum,41791.56,AUD,c/kWh,0,35333.8127,34579.9727,0,0,0,35220.8127,34255.0427,34436.0027,34235.1127,41717.6627,34906.4227,0,35589.9927,Momentum,34235.1127
C&I:QLD,Toll,AU,Electricity,QB13303996,NMI,ENERGEXP,16 TERRACE PL ,MURARRIE,AU:QLD,4172,3MOMEN30,196072.7,kWh,Momentum,39557.41,AUD,c/kWh,0,35338.50712,34523.94712,0,0,0,34967.10712,34258.49712,34513.88712,34255.94712,41643.68712,34818.00712,0,35556.06712,Momentum,34255.94712
C&I:QLD,Toll,AU,Electricity,3050403010,NMI,ERGONETP,John Vella Drive,PAGET,AU:QLD,4740,1012941,195144.06,kWh,Momentum,42302.3,AUD,c/kWh,0,36352.20597,35689.49597,0,0,0,36253.79597,35294.20597,35479.22597,35360.16597,41833.80597,35955.02597,0,36556.48597,Momentum,35360.16597
C&I:QLD,Toll,AU,Electricity,3116248996,NMI,ENERGEXP,16 Terrace Place,MURARRIE,AU:QLD,4172,3MOMEN20,191508.94,kWh,Momentum,35860.58,AUD,c/kWh,0,30812.31,30044.55,0,0,36920.28,30514.67,29739.6,29976.53,29761.28,36835.34,30326.77,0,31022.73,Momentum,29761.28
C&I:QLD,Toll,AU,Electricity,QB08177627,NMI,ENERGEXP,40 Fox Road,ACACIA RIDGE,AU:QLD,4110,3MOMEN11,122535.03,kWh,Momentum,32575.96,AUD,c/kWh,0,25220.92268,24674.82268,0,0,0,24887.15268,24202.36268,24471.41268,24454.43268,28853.74268,24787.81268,0,25284.07268,Momentum,24454.43268
C&I:QLD,Toll,AU,Electricity,3050520067,NMI,ERGONETP,John Vella Drive,PAGET MACKAY,AU:QLD,4740,1012941,110518.8,kWh,Momentum,28856.88,AUD,c/kWh,0,23906.75097,23456.58097,0,0,0,23703.58097,22904.25097,23141.80097,23212.15097,26904.92097,23539.28097,0,23949.22097,Momentum,23212.15097
C&I:QLD,Toll,AU,Electricity,3050812815,NMI,ERGONETP,"Lot 32, Toll Street",BOHLE TOWNSVILLE,AU:QLD,4810,1012941,108968.28,kWh,Momentum,29588.02,AUD,c/kWh,0,25772.56935,25281.72935,0,0,0,25460.01935,24766.00935,25033.67935,25066.42935,28892.12935,25361.40935,0,25807.90935,Momentum,25066.42935
C&I:QLD,Toll,AU,Electricity,3120293191,NMI,ENERGEXP,2/52 TRADE Street,LYTTON,AU:QLD,4178,1012941,60077.94,kWh,Momentum,13823.87,AUD,c/kWh,0,10954.42148,10606.78148,0,0,11193.09,10577.08148,9984.971477,10286.23148,10446.66148,12416.39148,10565.00148,0,10882.43148,Momentum,10446.66148
C&I:QLD,Toll,AU,Electricity,3038484919,NMI,ERGONETP,42 Macquarie St,GRACEMERE,AU:QLD,4702,1012941,57478.84,kWh,Momentum,15345.74,AUD,c/kWh,0,12324.24,11948.42,0,0,0,11820.05,11354.55,11692.52,11826.38,13730.96,11889.54,0,12232.31,Momentum,11826.38
C&I:QLD,Toll,AU,Electricity,QEEE000324,NMI,ERGONETP,Station Street,INNISFAIL,AU:QLD,4860,1012941,57667.38,kWh,Momentum,15587.52,AUD,c/kWh,0,12977.96,12583.41,0,0,0,12457.05,12004.68,12346.05,12462.98,14532.51,12533.02,0,12892.64,Momentum,12462.98
C&I:QLD,Toll,AU,Electricity,3116249003,NMI,ENERGEXP,16 Terrace Place,MURARRIE,AU:QLD,4172,3MOMEN49,48370.06,kWh,Momentum,10727.61,AUD,c/kWh,0,8909.468394,8535.178394,0,0,8272.64,8372.698394,7941.788394,8290.008394,8424.908394,10211.24839,8465.628394,0,8807.008394,Momentum,8424.908394
C&I:QLD,Toll,AU,Electricity,3041323190,NMI,ERGONETP,20 Sheridan Street,BUNDABERG,AU:QLD,4670,1012941,45477.98,kWh,Momentum,11370.1,AUD,c/kWh,0,9966.82,9630.4,0,0,0,9481.53,9005.47,9341.27,9510.68,11017.69,9548.88,0,9856.14,Momentum,9510.68
C&I:QLD,Toll,AU,Electricity,3038848091,NMI,ERGONETP,32 Young Street,GLADSTONE,AU:QLD,4680,1012941,40043.8,kWh,Momentum,10496.51,AUD,c/kWh,0,8642.86,8327.76,0,0,0,8156.96,7686.56,8024.58,8213.07,9471.81,8230.8,0,8518.87,Momentum,8213.07
C&I:QLD,Toll,AU,Electricity,3038848074,NMI,ERGONETP,24 Young Street,GLADSTONE,AU:QLD,4680,2MOMEN26,27993.32,kWh,Momentum,7556.41,AUD,c/kWh,0,6297.96,6012.53,0,0,0,5790.21,5349.8,5697.37,5912.22,6760.45,5887.93,0,6149.26,Momentum,5912.22
C&I:QLD,Toll,AU,Electricity,3041781643,NMI,ERGONETP,103 March Street,MARYBOROUGH,AU:QLD,4650,1012941,25086.24,kWh,Momentum,6983.88,AUD,c/kWh,0,5743.08,5470.07,0,0,0,5251.42,4797.01,5140.77,5366.93,6120.99,5341.3,0,5591.43,Momentum,5366.93
C&I:QLD,Toll,AU,Electricity,3038442248,NMI,ERGONETP,Dawson Highway,BILOELA,AU:QLD,4715,1012941,17877.17,kWh,Momentum,5756.11,AUD,c/kWh,0,4300.78,4047.31,0,0,0,3788.5,3360.37,3712.39,3955.83,4420.41,3898.51,0,4131.02,Momentum,3955.83
C&I:QLD,Toll,AU,Electricity,3034129120,NMI,ERGONETP,Cnr Bruce Highway & Lower Don Road,BOWEN,AU:QLD,4805,1012941,12797.28,kWh,Momentum,3993.68,AUD,c/kWh,0,3590.8,3348.73,0,0,0,3073.59,2653.33,3007.96,3261.56,3579.26,3190.33,0,3412.59,Momentum,3261.56
C&I:SA,Toll,AU,Electricity,SAAAAAB865,NMI,UMPLP,6 Johansson Road,WINGFIELD,AU:SA,5013,1012941,528879.58,kWh,Momentum,124859.64,AUD,c/kWh,0,100117.63,99336.16,0,0,129342.45,101539.12,97396.03,96686.48,100704.95,121731.41,98173.3,0,104979.24,ERM,97396.03
C&I:SA,Toll,AU,Electricity,2002308600,NMI,UMPLP,WE 1 TENANCY 1 8 VATER ST,DRY CREEK,AU:SA,5094,1012941,431844.46,kWh,Momentum,109525.75,AUD,c/kWh,0,106481.6849,106087.5749,0,0,95267.96,107525.4449,103108.9949,103617.5549,107378.7549,125678.0049,104726.7949,0,111713.1449,ERM,103108.9949
C&I:SA,Toll,AU,Electricity,SAAAAAB869,NMI,UMPLP,22 Pedder Crescent,Regency Park,AU:SA,5010,1012941,349171.81,kWh,Momentum,84955.07,AUD,c/kWh,0,69699.07258,68902.67258,0,0,82447.68,70498.29258,68282.98258,67177.15258,69660.01258,82880.42258,68334.65258,0,71947.76258,ERM,68282.98258
C&I:SA,Toll,AU,Electricity,SAAAAAB516,NMI,UMPLP,8 Vater Street,DRY CREEK,AU:SA,5094,1012941,305136.83,kWh,Momentum,64930.45,AUD,c/kWh,0,58466.39555,57796.55555,0,0,71942.89,59088.97555,56944.82555,56207.58555,58477.04555,70144.05555,57213.00555,0,60618.27555,ERM,56944.82555
C&I:SA,Toll,AU,Electricity,SAAAAAA877,NMI,UMPLP,176 Eastern Parade,GILLMAN,AU:SA,5013,MOMENTUM,130951.5,kWh,Momentum,37409.75,AUD,c/kWh,0,37345.66549,37234.29549,0,0,32791.86,37272.47549,35187.91549,36125.05549,37658.08549,43523.10549,36504.42549,0,39416.89549,ERM,35187.91549
C&I:SA,Toll,AU,Electricity,SAAAAAC164,NMI,UMPLP,Gate 6 22 Pedder Crescent,REGENCY PARK,AU:SA,5010,1012941,124213.87,kWh,Momentum,39362.18,AUD,c/kWh,0,38945.03216,38599.17216,0,0,36118.65,38881.23216,37622.60216,37701.83216,38858.10216,43648.03216,38191.39216,0,39896.85216,ERM,37622.60216
C&I:SA,Toll,AU,Electricity,2002235241,NMI,UMPLP,11 Coongie Avenue,EDWARDSTOWN,AU:SA,5039,MOMENTUM,102285.99,kWh,Momentum,36365.64,AUD,c/kWh,0,32332.28731,32066.38731,0,0,22991.83,32183.62731,30889.63731,31216.26731,32302.46731,36442.37731,31624.18731,0,33331.77731,ERM,30889.63731
C&I:SA,Toll,AU,Electricity,2002157624,NMI,UMPLP,20 Cheltenham Pde,WOODVILLE,AU:SA,5011,1012941,103367.16,kWh,Momentum,32066.94,AUD,c/kWh,0,26719.25,26521.38,0,0,34587.99,26562.54,25044.77,25617.52,26800.28,31187.06,25990.59,0,28022.17,ERM,25044.77
C&I:SA,Toll,AU,Electricity,2001000645,NMI,UMPLP,13-27 Martin Avenue,GILLMAN,AU:SA,5013,1012941,96269.67,kWh,Momentum,23624.76,AUD,c/kWh,0,21387.56522,20965.39522,0,0,23359.3,21245.53522,20501.35522,20256.03522,21091.67522,24517.36522,20737.60522,0,21641.63522,ERM,20501.35522
C&I:SA,Toll,AU,Electricity,2002227580,NMI,UMPLP,Unit 3 550 Churchill Road,KILBURN,AU:SA,5084,MOMENTUM,67827.46,kWh,Momentum,20052.61,AUD,c/kWh,0,21411.46007,21188.05007,0,0,17825.1,21133.84007,20073.22007,20485.56007,21331.29007,24085.68007,20804.80007,0,22094.69007,ERM,20073.22007
C&I:SA,Toll,AU,Electricity,2001666329,NMI,UMPLP,591A Grand Junction Road,GEPPS CROSS,AU:SA,5094,MOMENTUM,62989.89,kWh,Momentum,17347.26,AUD,c/kWh,0,18164.27982,17966.05982,0,0,16121.16,17865.12982,16777.57982,17270.83982,18107.22982,20722.17982,17567.14982,0,18884.02982,ERM,16777.57982
C&I:SA,Toll,AU,Electricity,2002223158,NMI,UMPLP,2-8 Mirage Road,DIREK,AU:SA,5110,MOMENTUM,32717.5,kWh,Momentum,10603.62,AUD,c/kWh,0,10236.37707,10051.72707,0,0,10153.53,9827.407067,9020.867067,9503.937067,10097.06707,11417.46707,9734.897067,0,10575.24707,ERM,9020.867067
C&I:TAS,Toll,AU,Electricity,8000294999,NMI,AURORAP,2 GLENSTONE RD,BRIDGEWATER,AU:TAS,7030,1011436,1080376.14,kWh,Aurora,190847.9,AUD,c/kWh,0,0,0,136804.96,0,0,0,146976.54,0,0,0,0,0,0,Aurora,136804.96
C&I:TAS,Toll,AU,Electricity,8000002785,NMI,AURORAP,17 RIVER RD,WIVENHOE,AU:TAS,7320,1011436,197331.82,kWh,Aurora,39650.05,AUD,c/kWh,0,0,0,30107.37,0,0,0,31895.88,0,0,0,0,0,0,Aurora,30107.37
C&I:TAS,Toll,AU,Electricity,8000000180,NMI,AURORAP,35 DOWLING ST,LAUNCESTON,AU:TAS,7250,1011436,185390.4,kWh,Aurora,37469.81,AUD,c/kWh,0,0,0,28986.14,0,0,0,30677.44,0,0,0,0,0,0,Aurora,28986.14
C&I:TAS,Toll,AU,Electricity,8000013044,NMI,AURORAP,35 DOWLING ST,LAUNCESTON,AU:TAS,7250,1011436,134159.66,kWh,Aurora,25618.44,AUD,c/kWh,0,0,0,19519.31,0,0,0,20757.7,0,0,0,0,0,0,Aurora,19519.31
C&I:TAS,Toll,AU,Electricity,8590307145,NMI,AURORAP,56 SUNDERLAND ST,MOONAH,AU:TAS,7009,1011436,87438.68,kWh,Aurora,16510.07,AUD,c/kWh,0,0,0,12294.45,0,0,0,13084.74,0,0,0,0,0,0,Aurora,12294.45
C&I:VIC,Toll,AU,Electricity,VAAA000621,NMI,CITIPP,108 Webb Dock Drive,PORT MELBOURNE,AU:VIC,3207,1015520,4095085.5,kWh,AGL,708937.98,AUD,c/kWh,0,615480.97,609849.78,0,828657.58,0,616467.03,603577.66,600827.09,593402.48,762175.76,615749.37,0,626141.97,Momentum,593402.48
C&I:VIC,Toll,AU,Electricity,6001352280,NMI,SOLARISP,FACTORY 1 FCTY 1/37 SKY ROAD,TULLAMARINE,AU:VIC,3043,1015520,2659851.34,kWh,AGL,320723.11,AUD,c/kWh,0,273366.32,270180.04,0,555723.44,0,273225.98,264146.14,263254.1,256771.04,378032.66,269988.72,0,281241.24,Momentum,256771.04
C&I:VIC,Toll,AU,Electricity,6407001302,NMI,UNITED,43-63 Princes Highway,DOVETON,AU:VIC,3177,1015520,2184560.57,kWh,AGL,420137.36,AUD,c/kWh,0,307343.72,304388.72,0,417631.15,0,307476.35,300267.53,299158.47,294888.98,387771.22,306415.49,0,313181.41,Momentum,294888.98
C&I:VIC,Toll,AU,Electricity,VAAA003881,NMI,CITIPP,90 Webb Doc Drive,PORT MELBOURNE,AU:VIC,3207,1015520,1433414.82,kWh,AGL,277564.81,AUD,c/kWh,0,231077.78,229114.04,0,302257.77,0,230930.72,226011.49,225479.35,222619.17,284569.08,230047.77,0,234937.97,Momentum,222619.17
C&I:VIC,Toll,AU,Electricity,6102034857,NMI,CITIPP,2 Douglas Street,PORT MELBOURNE,AU:VIC,3207,1015520,1159560.65,kWh,AGL,219500.11,AUD,c/kWh,0,194573.57,193035.38,0,250153.34,0,194256.54,190107.04,189871.81,187324.12,239325.45,193106.01,0,197825.37,Momentum,187324.12
C&I:VIC,Toll,AU,Electricity,VCCCLD0084,NMI,POWCP,180 Fitzgerald Road,LAVERTON,AU:VIC,3028,43511,1111474.6,kWh,AGL,218585.28,AUD,c/kWh,0,190959.58,189310.25,0,248467.37,0,190775.83,186811.2,186411.65,184309.02,232894.64,190318.67,0,193938.4,Momentum,184309.02
C&I:VIC,Toll,AU,Electricity,6001352278,NMI,SOLARISP,"11 Steele Way, Melbourne Airport Business Park",Melbourne Airport,AU:VIC,3045,1015520,1084738.07,kWh,AGL,131799.81,AUD,c/kWh,0,112944.07,111564.44,0,235284.97,0,112534.51,108550.88,108455.75,105856.76,156050.47,111090.02,0,116108.08,Momentum,105856.76
C&I:VIC,Toll,AU,Electricity,6203009064,NMI,POWCP,32-54 Toll Drive,ALTONA NORTH,AU:VIC,3025,3AGLSA07,889054.08,kWh,AGL,175722.08,AUD,c/kWh,0,163519.57,162346.45,0,205259.43,0,163075.31,159668.92,159670.65,157503.02,199685.17,161829.49,0,166158.2,Momentum,157503.02
C&I:VIC,Toll,AU,Electricity,6203906009,NMI,POWCP,39-53 A/39 HORSBURGH Drive,ALTONA NORTH,AU:VIC,3025,1015520,879753.02,kWh,AGL,164245.59,AUD,c/kWh,0,148963.4138,147561.0238,0,195417.8338,0,148769.9838,145604.7438,145285.2438,143860.6238,181093.2138,148721.3038,0,151174.3238,Momentum,143860.6238
C&I:VIC,Toll,AU,Electricity,6203822016,NMI,POWCP,27 Distribution Dve,TRUGANINA,AU:VIC,3029,3AGLSA07,732093.63,kWh,AGL,143444.36,AUD,c/kWh,0,130080.54,128996.65,0,166071.81,0,129711.74,126901.88,126849.72,125363.11,158560.13,129103.91,0,132076.04,Momentum,125363.11
C&I:VIC,Toll,AU,Electricity,VCCCDA0030,NMI,POWCP,72 Cherry Lane,LAVERTON NORTH,AU:VIC,3026,3AGLSA07,657908.61,kWh,AGL,158522.66,AUD,c/kWh,0,149826.03,148914.53,0,180471.98,0,149341.66,146676.31,146795.82,145191.17,177054.27,148361.91,0,151783.87,Momentum,145191.17
C&I:VIC,Toll,AU,Electricity,VDDD000251,NMI,SOLARISP,20-50 Fillo Drive,SOMERTON,AU:VIC,3062,3AGL0001,467234.39,kWh,AGL,111377.78,AUD,c/kWh,0,105629.442,104868.852,0,127440.792,0,105232.312,103420.602,103491.672,102817.722,121953.992,105084.542,0,106685.462,Momentum,102817.722
C&I:VIC,Toll,AU,Electricity,6001306868,NMI,SOLARISP,156 Link Drive,CAMPBELLFIELD,AU:VIC,3061,3AGLSA07,472670.9,kWh,AGL,99008.77,AUD,c/kWh,0,92183.45,91471.44,0,113233.34,0,91722.25,89818.26,89969.09,89078.61,109921.63,91255.53,0,93380.08,Momentum,89078.61
C&I:VIC,Toll,AU,Electricity,6203818679,NMI,POWCP,L4/21 Horsburgh Drive,ALTONA NORTH,AU:VIC,3025,3AGLSA07,438325.61,kWh,AGL,93240.19,AUD,c/kWh,0,84613.97,83868.25,0,106185.65,0,84195.86,82359.14,82457.42,81717.41,101348.85,83957.41,0,85714.96,Momentum,81717.41
C&I:VIC,Toll,AU,Electricity,VAAA003882,NMI,CITIPP,654 Footscray Road,WEST MELBOURNE,AU:VIC,3003,1015520,395529.22,kWh,AGL,88767.54,AUD,c/kWh,0,71286.22,70662.35,0,89000.45,0,70795.01,69068.13,69274.57,68475.2,86969.66,70300.49,0,72334.05,Momentum,68475.2
C&I:VIC,Toll,AU,Electricity,6203796841,NMI,POWCP,7-20 Horsburgh Drive,ALTONA NORTH,AU:VIC,3025,1015520,377068.26,kWh,AGL,84937.31,AUD,c/kWh,0,72726.56,72081.09,0,90574.9,0,72271.09,70623.57,70788.57,70134.63,87290.35,71981.63,0,73673.14,Momentum,70134.63
C&I:VIC,Toll,AU,Electricity,VAAA003451,NMI,CITIPP,604 Footscray Road,FOOTSCRAY,AU:VIC,3011,1015520,374374.32,kWh,AGL,86768.52,AUD,c/kWh,0,67015.44,66424.43,0,83467.17,0,66513.63,64856.46,65083.24,64322.35,81886.82,66014.93,0,68004.37,Momentum,64322.35
C&I:VIC,Toll,AU,Electricity,6203868017,NMI,POWCP,B/12 EFFICIENT Drive,TRUGANINA,AU:VIC,3029,3AGLSA07,356509.5,kWh,AGL,94323.56,AUD,c/kWh,0,89208.14959,88651.64959,0,104656.5096,0,88681.33959,87040.04959,87302.22959,86502.13959,103990.6696,88086.17959,0,90201.17959,Momentum,86502.13959
C&I:VIC,Toll,AU,Electricity,6305933360,NMI,EASTERN,85 HENDERSON Road,ROWVILLE,AU:VIC,3178,1015520,287159.17,kWh,AGL,62849.48,AUD,c/kWh,0,61177.45,60602.64,0,75194.64,0,60751.28,59447.29,59599.93,59307.85,71364.92,60759.54,0,61761.04,Momentum,59307.85
C&I:VIC,Toll,AU,Electricity,6001310126,NMI,SOLARISP,103 Western Ave,Westmeadows,AU:VIC,3049,,285698.64,kWh,AGL,63388.41,AUD,c/kWh,0,57106.52,56624.11,0,69111.2,0,56581.75,55203.51,55485.16,54919.37,68644.2,56146.94,0,57844.21,Momentum,54919.37
C&I:VIC,Toll,AU,Electricity,6102202968,NMI,CITIPP,71-81 Mark Street,NORTH MELBOURNE,AU:VIC,3051,1015520,245794.06,kWh,AGL,52876.35,AUD,c/kWh,0,48055.72,47612.51,0,61091.38,55241.35,47529.93,46281.8,46575.76,46121.59,57996.4,47165.28,0,48668.42,Momentum,46121.59
C&I:VIC,Toll,AU,Electricity,6102800127,NMI,CITIPP,464 St Kilda Road,MELBOURNE,AU:VIC,3000,1015520,235971.03,kWh,AGL,66367.78,AUD,c/kWh,0,42626.76,42219.98,0,54811.56,0,42073.88,40838.9,41170.87,40670.65,52519.94,41601.49,0,43247.52,Momentum,40670.65
C&I:VIC,Toll,AU,Electricity,6203819578,NMI,POWCP,2-34 Aylesbury Drive,ALTONA,AU:VIC,3018,3AGLSA07,242557.98,kWh,AGL,62276.94,AUD,c/kWh,0,59266.56,58828.79,0,69392.64,0,58734.01,57480.04,57783.01,57309.48,69312.06,58341.45,0,59891.65,Momentum,57309.48
C&I:VIC,Toll,AU,Electricity,VEEE0TEAN6,NMI,UNITED,86-102 Whiteside Road,CLAYTON SOUTH,AU:VIC,3169,1015520,208624.65,kWh,AGL,53006.41,AUD,c/kWh,0,45600.78,45139.51,0,55364.66,0,45133.91,44061.65,44289.98,44114.43,53121.64,45114.48,0,45996.29,Momentum,44114.43
C&I:VIC,Toll,AU,Electricity,VAAA002228,NMI,CITIPP,Level 7 380 St Kilda Road,MELBOURNE,AU:VIC,3004,1015520,166339.2,kWh,AGL,39790.31,AUD,c/kWh,0,31062.44955,30722.63955,0,40482.77,0,30510.86955,29512.90955,29863.24955,29573.06955,38036.08955,30182.46955,0,31454.17955,Momentum,29573.06955
C&I:VIC,Toll,AU,Electricity,6102241215,NMI,CITIPP,2/620 FOOTSCRAY Road,WEST MELBOURNE,AU:VIC,3003,1015520,135085.53,kWh,AGL,28444.55,AUD,c/kWh,0,23906.81172,23552.07172,0,32519.13,0,23406.24172,22562.60172,22856.20172,22809.06172,28759.79172,23377.47172,0,24108.31172,Momentum,22809.06172
C&I:VIC,Toll,AU,Electricity,VAAA000964,NMI,CITIPP,620 FOOTSCRAY Road,WEST MELBOURNE,AU:VIC,3003,1015520,132905.81,kWh,AGL,26598.15,AUD,c/kWh,0,27483.53,27152.82,0,34388.86,31235.26,26958.77,26099.74,26425.07,26313.18,32630.85,26820.63,0,27719.29,Momentum,26313.18
C&I:VIC,Toll,AU,Electricity,6102140545,NMI,CITIPP,Level 7 380 St Kilda Road,MELBOURNE,AU:VIC,3004,1015520,99023.06,kWh,AGL,19500.41,AUD,c/kWh,0,20331.95,20045.82,0,24362.76,0,19794.96,19039.29,19390.11,19342.65,24259.86,19665.31,0,20477.71,Momentum,19342.65
C&I:VIC,Toll,AU,Electricity,6203906019,NMI,POWCP,39-53 B/39 HORSBURGH Drive,ALTONA NORTH,AU:VIC,3025,1015520,92762.59,kWh,AGL,26662.52,AUD,c/kWh,0,26923.32502,26603.49502,0,30827.08502,0,26426.96502,25722.19502,26021.97502,26105.18502,30052.14502,26498.10502,0,26988.39502,Momentum,26105.18502
C&I:VIC,Toll,AU,Electricity,6407720958,NMI,UNITED,"BLDG-10, 43 PRINCES HIGHWAY",DOVETON,AU:VIC,3177,3AGLSA01,34040.32,kWh,AGL,5762.83,AUD,c/kWh,0,6916.535128,6680.925128,0,10278.3,8948.65,6394.685128,5872.335128,6222.055128,6410.625128,7906.645128,6460.515128,0,6824.365128,Momentum,6410.625128
C&I:WA,Toll,AU,Electricity,8002144220,NMI,WESTERNPOWER,528 Abernathy Rd,KEWDALE,AU:WA,6105,1028878,444483.89,kWh,Alinta,76985.04,AUD,c/kWh,0,0,82961.56466,0,0,0,0,0,0,0,0,0,80266.94466,0,PerthEnergy,80266.94466
C&I:WA,Toll,AU,Electricity,8001005210,NMI,WESTERNPOWER,50 Sheffield Rd,WELSHPOOL,AU:WA,6106,43791,370649.81,kWh,Alinta,87024.57,AUD,c/kWh,0,0,92511.5487,0,0,0,0,0,0,0,0,0,89486.7487,0,PerthEnergy,89486.7487
C&I:WA,Toll,AU,Electricity,8001007214,NMI,WESTERNPOWER,Lot 1-92 Robinson Ave,BELMONT,AU:WA,6104,1028878,337187.26,kWh,Alinta,73395.28,AUD,c/kWh,0,0,73004.6443,0,0,0,0,0,0,0,0,0,70224.3543,0,PerthEnergy,70224.3543
C&I:WA,Toll,AU,Electricity,8001014859,NMI,WESTERNPOWER,Lot 132 1 Casella Place,KEWDALE,AU:WA,6105,2ALINT01,234155.98,kWh,Alinta,44001.86,AUD,c/kWh,0,0,46789.70653,0,0,0,0,0,0,0,0,0,45351.74653,0,PerthEnergy,45351.74653
C&I:WA,Toll,AU,Electricity,8002021635,NMI,WESTERNPOWER,32 Cunningham DR,WEST KALGOORLIE,AU:WA,6430,2ALINT01,135010.5,kWh,Alinta,28390.59,AUD,c/kWh,0,0,30201.81632,0,0,0,0,0,0,0,0,0,29414.51632,0,PerthEnergy,29414.51632
C&I:WA,Toll,AU,Electricity,8001009216,NMI,WESTERNPOWER,283 Fitzgerald St,North Perth,AU:WA,6006,3ALINT02,133218.5,kWh,Alinta,28153.28,AUD,c/kWh,0,0,30387.69907,0,0,0,0,0,0,0,0,0,29447.22907,0,PerthEnergy,29447.22907
C&I:WA,Toll,AU,Electricity,8001001335,NMI,WESTERNPOWER,3 Casella Pl,Kewdale,AU:WA,6105,1028878,86708.45,kWh,Alinta,19071.44,AUD,c/kWh,0,0,17343.66,0,0,0,0,0,0,0,0,0,16826.21,0,PerthEnergy,16826.21
C&I:WA,Toll,AU,Electricity,8001010510,NMI,WESTERNPOWER,Lot 134 Cunningham Rd,KALGOORLIE,AU:WA,6430,2ALINT01,62317.75,kWh,Alinta,14495.53,AUD,c/kWh,0,0,13871.56925,0,0,0,0,0,0,0,0,0,13449.90925,0,PerthEnergy,13449.90925
SME:ACT,Toll,AU,Electricity,7001118764,NMI,ACTEWP,Various Locations,CANBERRA,AU:ACT,2600,1012941,12535.98,kWh,Momentum,3782.31,AUD,c/kWh,0,0,0,0,0,0,3428.11,0,0,3736.84,4414.12,3407.13,0,0,Origin,3407.13
SME:NSW,Toll,AU,Electricity,4001132278,NMI,CNRGYP,NULL Street,SPRING HILL,AU:NSW,2800,DL7257,91936.76,kWh,Momentum,27261.47,AUD,c/kWh,0,24637.94,0,0,25416.5,26414.74,0,23285.5,0,0,31397.81,24126.66,0,0,ERM,23285.5
SME:NSW,Toll,AU,Electricity,4001242306,NMI,CNRGYP,River Street,DUBBO,AU:NSW,2830,1012941,80076.8,kWh,Momentum,24958.31,AUD,c/kWh,0,21538.95,0,0,22246.33,23095.46,0,20338.29,0,0,27424.75,21088.2,0,0,ERM,20338.29
SME:NSW,Toll,AU,Electricity,4204043155,NMI,CNRGYP,Units 1&3 / 42 Bedford Street,QUEANBEYAN,AU:NSW,2620,1012941,85110.42,kWh,Momentum,24544.38,AUD,c/kWh,0,22854.24,0,0,23591.82,24504.24,0,21589.12,0,0,29110.99,22377.78,0,0,ERM,21589.12
SME:NSW,Toll,AU,Electricity,4310960148,NMI,INTEGP,2/244 Nolan Street,UNANDERRA,AU:NSW,2526,1012941,64402.79,kWh,Momentum,15837.7,AUD,c/kWh,0,13606.38,0,0,14901.65,0,14028.5,12971.52,0,0,17183.93,13473.13,0,0,ERM,12971.52
SME:NSW,Toll,AU,Electricity,4311143491,NMI,INTEGP,241 Shell Harbour Road,WARRAWONG,AU:NSW,2502,1012941,57934.87,kWh,Momentum,14110.19,AUD,c/kWh,0,12277.02,0,0,13450.25,0,12655.51,11704.46,0,0,15502.26,12154.88,0,0,ERM,11704.46
SME:NSW,Toll,AU,Electricity,4001001843,NMI,CNRGYP,11 Leewood Drive,ORANGE,AU:NSW,2800,1012941,66102.63,kWh,Momentum,18463.5,AUD,c/kWh,0,17887.49,0,0,0,19005.12,0,16709.74,0,0,22585.41,17508.06,0,0,ERM,16709.74
SME:NSW,Toll,AU,Electricity,4204043157,NMI,CNRGYP,Units 1&3 / 42 Bedford Street,QUEANBEYAN,AU:NSW,2620,1012941,38835.22,kWh,Momentum,11383.39,AUD,c/kWh,0,10576.71,0,0,11774.42,12189.55,12077.57,10404.22,0,0,14125.78,10063.7,0,0,ERM,10404.22
SME:NSW,Toll,AU,Electricity,4310267391,NMI,INTEGP,Jessie Street Centre 2-21 Macquaire Street,PARRAMATTA,AU:NSW,2150,3MOMEN86,31571.16,kWh,Momentum,8077.93,AUD,c/kWh,0,6858.5,0,0,7534.22,0,7059.11,6539.82,0,0,8647.68,6781.44,0,0,ERM,6539.82
SME:NSW,Toll,AU,Electricity,4407131510,NMI,CNRGYP,26 HABIB Drive,SOUTH LISMORE,AU:NSW,2480,1012941,27277.61,kWh,Momentum,9222.8,AUD,c/kWh,0,7797.13,0,0,8676.32,8984.04,9422.25,7627.21,0,0,10304.68,7418.1,0,0,ERM,7627.21
SME:NSW,Toll,AU,Electricity,4001159987,NMI,CNRGYP,19 Nelson Road,NEWCASTLE,AU:NSW,2300,1012941,15951.3,kWh,Momentum,5480.63,AUD,c/kWh,0,4782.94,0,0,5105.58,5148.46,0,4403.09,0,0,5942.7,4659.48,0,0,ERM,4403.09
SME:NSW,Toll,AU,Electricity,4001198544,NMI,CNRGYP,110 Plain Street,TAMINDA,AU:NSW,2340,3MOMEN36,6078.58,kWh,Momentum,3026.53,AUD,c/kWh,0,2203.2,0,0,2466.59,2385.37,0,1949.72,0,0,2615.74,2130.15,0,0,ERM,1949.72
SME:NSW,Toll,AU,Electricity,4407095169,NMI,CNRGYP,LOT 135 ELECTRA CRES,SOUTH GRAFTON,AU:NSW,2460,1017119,3804.4,kWh,Origin,2092.7,AUD,c/kWh,0,1553.55,0,0,1782.81,1687.19,0,1344.99,0,0,1793,1495.84,0,0,ERM,1344.99
SME:NSW,Toll,AU,Electricity,4310880053,NMI,INTEGP,"Unit 6, Explorers Court 31 Norfolk Road",NOWRA,AU:NSW,2541,1012941,3915.17,kWh,Momentum,2609.01,AUD,c/kWh,0,1174.36,0,0,1368.56,0,1214.23,1121.99,0,0,1457.15,1144.63,0,0,ERM,1121.99
SME:NSW,Toll,AU,Electricity,4103776404,NMI,ENERGYAP,"SE 1001,L 10,80 MOUNT ST",NORTH SYDNEY,AU:NSW,2060,1001358,2992.72,kWh,EnergyAustralia,1511.57,AUD,c/kWh,0,1087.84,0,0,1455.29,1423.05,1283.43,1069.23,0,0,1508.55,1071.15,0,0,ERM,1069.23
SME:NSW,Toll,AU,Electricity,4102027328,NMI,ENERGYAP,75 MANN ST,GOSFORD,AU:NSW,2250,1001358,3082.89,kWh,EnergyAustralia,1587.16,AUD,c/kWh,0,0,0,0,1593.37,1501.97,1404.59,1148.42,0,0,1651.56,1287.49,0,0,ERM,1148.42
SME:NSW,Toll,AU,Electricity,4204130610,NMI,CNRGYP,"U 19, 586 DEAN ST",ALBURY,AU:NSW,2640,1001358,1722.22,kWh,EnergyAustralia,1213.83,AUD,c/kWh,0,0,0,0,1145.77,1039.02,0,785.58,0,0,1032.56,907.61,0,0,ERM,785.58
SME:NSW,Toll,AU,Electricity,4103515734,NMI,ENERGYAP,"F7, 14 FETHERSTONE ST",BANKSTOWN,AU:NSW,2200,1001358,1662.69,kWh,EnergyAustralia,1228.2,AUD,c/kWh,0,0,0,0,1166.64,1118.98,998.49,831.24,0,0,1158.8,911.74,0,0,ERM,831.24
SME:NSW,Toll,AU,Electricity,4001208760,NMI,CNRGYP,0 NULL Street,SOUTH LISMORE,AU:NSW,2480,1012941,1519.77,kWh,Momentum,1621.1,AUD,c/kWh,0,1012,0,0,1248.05,1109.47,0,816.85,0,0,1065.73,962.18,0,0,ERM,816.85
SME:NSW,Toll,AU,Electricity,4407205794,NMI,CNRGYP,5/24 HABIB Drive,SOUTH LISMORE,AU:NSW,2480,1012941,339.89,kWh,Momentum,1405.4,AUD,c/kWh,0,1067.21,0,0,1103.46,1051.25,2830.84,769.88,0,0,981.12,887.76,0,0,ERM,769.88
SME:NSW,Toll,AU,Electricity,4102246138,NMI,ENERGYAP,"SE 2, 493 HIGH ST",MAITLAND,AU:NSW,2320,1001358,73.64,kWh,EnergyAustralia,695.1,AUD,c/kWh,0,0,0,0,877.84,880.18,692.07,606.35,0,0,772.03,624.76,0,0,ERM,606.35
SME:NSW,Toll,AU,Electricity,4103076971,NMI,ENERGYAP,"F SE 11, 136 KING ST",NEWTOWN,AU:NSW,2042,1001358,47.55,kWh,EnergyAustralia,681.11,AUD,c/kWh,0,633.87,0,0,834.21,837.09,659.14,579.56,0,0,733.28,596.06,0,0,ERM,579.56
SME:QLD,Toll,AU,Electricity,QB08600007,NMI,ENERGEXP,506 MAROOCHYDORE Road,KUNDA PARK,AU:QLD,4556,1012941,66085.99,kWh,Momentum,14614.49,AUD,c/kWh,0,9805.2812,0,0,0,11994.4189,16161.0227,9564.4104,0,0,15032.1301,0,0,0,ERM,9564.4104
SME:QLD,Toll,AU,Electricity,3038239604,NMI,ERGONETP,47 Murphy St,DYSART,AU:QLD,4745,2MOMEN19,56962.21,kWh,Momentum,14979.82,AUD,c/kWh,0,0,0,0,0,0,0,12368.68,0,0,0,0,0,0,ERM,12368.68
SME:QLD,Toll,AU,Electricity,3038239591,NMI,ERGONETP,43 Murphy Street,DYSART,AU:QLD,4745,2MOMEN20,49465.33,kWh,Momentum,12821.16,AUD,c/kWh,0,0,0,0,0,0,0,10713.56,0,0,0,0,0,0,ERM,10713.56
SME:QLD,Toll,AU,Electricity,3114926121,NMI,ENERGEXP,14 Expansion Street,MOLENDINAR,AU:QLD,4214,3MOMEN71,40376.98,kWh,Momentum,10751.04,AUD,c/kWh,0,8148,0,0,8557.22,0,8913.21,7386.93,0,0,10404.7,8370.34,0,0,ERM,7386.93
SME:QLD,Toll,AU,Electricity,QB12282596,NMI,ENERGEXP,Lot 7 Mons Road,FOREST GLEN MAROOCHYDORE,AU:QLD,4558,1012941,31909.57,kWh,Momentum,8082.55,AUD,c/kWh,0,6539.84,0,0,6861.73,0,7138.43,5907.66,0,0,8343.64,6708.63,0,0,ERM,5907.66
SME:QLD,Toll,AU,Electricity,3038002710,NMI,ERGONETP,1/16 BERESFORD CRESCENT,DYSART,AU:QLD,4745,2MOMEN17,6219.26,kWh,Momentum,2901.86,AUD,c/kWh,0,0,0,0,0,0,0,1662.09,0,0,0,0,0,0,ERM,1662.09
SME:QLD,Toll,AU,Electricity,3038003091,NMI,ERGONETP,2/16 BERESFORD CRESCENT,DYSART,AU:QLD,4745,2MOMEN38,2368.03,kWh,Momentum,2190.56,AUD,c/kWh,0,0,0,0,0,0,0,964.3,0,0,0,0,0,0,ERM,964.3
SME:QLD,Toll,AU,Electricity,3050071513,NMI,ERGONETP,29 YEATES CRESCENT,DYSART,AU:QLD,4745,2MOMEN21,3787.87,kWh,Momentum,2714.81,AUD,c/kWh,0,0,0,0,0,0,0,1254.01,0,0,0,0,0,0,ERM,1254.01
SME:QLD,Toll,AU,Electricity,3041781651,NMI,ERGONETP,103 March Street,MARYBOROUGH,AU:QLD,4650,1012941,68.41,kWh,Momentum,1635.49,AUD,c/kWh,0,0,0,0,0,0,0,616.01,0,0,0,0,0,0,ERM,616.01
SME:SA,Toll,AU,Electricity,2002112558,NMI,UMPLP,"U 3,3 Park Way",Mawson Lakes,AU:SA,5095,MOMENTUM,25072.61,kWh,Momentum,10746.29,AUD,c/kWh,0,8512.56,0,0,0,8529.15,9247.27,7149.68,0,0,12850.14,8115.3,0,0,ERM,7149.68
SME:VIC,Toll,AU,Electricity,6102041040,NMI,CITIPP,Level 15 380 St Kilda Road,MELBOURNE,AU:VIC,3004,3ORIGI01,130156.91,kWh,Origin,28420.98,AUD,c/kWh,0,25660.9764,0,0,31648.2642,27774.4878,38526.2976,22649.3142,0,0,34119.6324,35402.7312,0,0,ERM,22649.3142
SME:VIC,Toll,AU,Electricity,6203347696,NMI,POWCP,Lot 1 Hairpin Street,BENDIGO,AU:VIC,3550,1017119,78828.66,kWh,Origin,17182.23,AUD,c/kWh,0,16205.0304,0,0,18755.6096,0,19653.9408,13751.0256,0,0,20776.34,0,0,0,ERM,13751.0256
SME:VIC,Toll,AU,Electricity,6001003182,NMI,SOLARISP,20 Simcock Avenue,SPOTSWOOD,AU:VIC,3015,3ORIGI01,74503.45,kWh,Origin,15804.42,AUD,c/kWh,0,15516.31,0,0,17102.37,16033.69,17208.92,14207.98,0,0,20753.74,17308.03,0,0,ERM,14207.98
SME:VIC,Toll,AU,Electricity,6203701672,NMI,POWCP,22 Hume Reserve Court,NORTH GEELONG,AU:VIC,3215,1017119,41482.32,kWh,Origin,10067.3,AUD,c/kWh,0,10428.7596,0,0,12094.6588,0,12516.5972,9003.8736,0,0,13349.744,0,0,0,ERM,9003.8736
SME:VIC,Toll,AU,Electricity,6102750610,NMI,CITIPP,93-111 Sims Street,WEST FOOTSCRAY,AU:VIC,3012,1017119,53289.61,kWh,Origin,5145.98,AUD,c/kWh,0,11298.6,0,0,11864.94,12803.35,12868.31,9898.11,0,0,14724.94,0,0,0,ERM,9898.11
SME:VIC,Toll,AU,Electricity,6001278438,NMI,SOLARISP,18 SIMCOCK AVENUE,SPOTSWOOD,AU:VIC,3015,3ORIGI01,29195.91,kWh,Origin,5969.68,AUD,c/kWh,0,5991.03,0,0,6649.7,6110.41,6561.9,5172.02,0,0,7975.65,6534.68,0,0,ERM,5172.02
SME:VIC,Toll,AU,Electricity,VAAA000861,NMI,CITIPP,Level 7 380 St Kilda Road,MELBOURNE,AU:VIC,3004,3ORIGI01,19839.61,kWh,Origin,4846.5,AUD,c/kWh,0,4431.29,0,0,4936.46,4728.69,5328.56,4119.55,0,0,6042.3,4678.38,0,0,ERM,4119.55
SME:VIC,Toll,AU,Electricity,6305411789,NMI,EASTERN,4 DREW CT,WURRUK,AU:VIC,3850,7ORIGI01,20528.01,kWh,Origin,5618.18,AUD,c/kWh,0,5545.1,0,0,5966.97,5839.13,6043.02,5367.19,0,0,7427.08,6798.49,0,0,ERM,5367.19
SME:VIC,Toll,AU,Electricity,6305899840,NMI,EASTERN,OFF 3/ 72 Monash Dr,Dandenong South,AU:VIC,3175,1017119,18880.55,kWh,Origin,6035.08,AUD,c/kWh,0,5796.6,0,0,6253.29,0,6142.38,5459.68,0,0,4121.49,5985.07,0,0,ERM,5459.68
SME:VIC,Toll,AU,Electricity,6103002249,NMI,CITIPP,Level 1 179 Queen Street,MELBOURNE,AU:VIC,3004,1017119,14827.48,kWh,Origin,2304.13,AUD,c/kWh,0,3821.21,0,0,3934.04,4014.25,4428.18,3334.34,0,0,4813.93,4071.32,0,0,ERM,3334.34
SME:VIC,Toll,AU,Electricity,6305438018,NMI,EASTERN,41 Jones Road,MORWELL,AU:VIC,3840,3ORIGI01,12741.9,kWh,Origin,3589.57,AUD,c/kWh,0,3985.98,0,0,4353.87,0,4284.85,3767.87,0,0,2083.93,4121.38,0,0,ERM,3767.87
SME:VIC,Toll,AU,Electricity,6203906029,NMI,POWCP,"LIGHTING, 62 HORSBURGH Drive",ALTONA NORTH,AU:VIC,3025,1017119,6299.72,kWh,Origin,1673.6,AUD,c/kWh,0,1686.83,0,0,1997.29,1829.63,2231.54,1536.79,0,0,2412.52,1782.36,0,0,ERM,1536.79
SME:VIC,Toll,AU,Electricity,6203638140,NMI,POWCP,LOT 14 Bathhurst Court,MILDURA,AU:VIC,3502,1017119,4272.04,kWh,Origin,1179.9,AUD,c/kWh,0,1246,0,0,1411.61,1311.95,0,1017.55,0,0,1703.2,1232,0,0,ERM,1017.55
SME:VIC,Toll,AU,Electricity,6305411790,NMI,EASTERN,5 Drew Court,WURRUK,AU:VIC,3850,7ORIGI01,2093.57,kWh,Origin,752.94,AUD,c/kWh,0,918.52,0,0,1110.11,0,1122.7,833.18,0,0,746.88,950.17,0,0,ERM,833.18
SME:VIC,Toll,AU,Electricity,6305438014,NMI,EASTERN,11 Mc Quade St,MORWELL,AU:VIC,3840,3ORIGI01,642.84,kWh,Origin,468.62,AUD,c/kWh,0,544.13,0,0,698.46,0,727.49,433.38,0,0,584.41,554.78,0,0,ERM,433.38
SME:VIC,Toll,AU,Electricity,6305438017,NMI,EASTERN,41 Jones Road,MORWELL,AU:VIC,3840,3ORIGI01,497.48,kWh,Origin,475.03,AUD,c/kWh,0,506.62,0,0,657.22,0,687.89,393.29,0,0,568.12,515.2,0,0,ERM,393.29
SME:WA,Toll,AU,Electricity,8002332422,NMI,WESTERNPOWER,"162 Talbot Rd,",Hazelmere,AU:WA,6055,3ELECT26,396218.32,kWh,Synergy,181075.31,AUD,c/kWh,0,0,93366.93,0,0,0,0,0,0,0,0,0,85821.74,0,PerthEnergy,85821.74
